Date,Open,High,Low,Close,Adj Close,Volume
2015-07-06,71.0,74.29,71.0,72.96,62.88,3809700
2015-07-07,73.73,74.71,72.96,74.63,64.32,5794300
2015-07-08,74.3,75.5,74.04,75.4,64.98,4276600
2015-07-09,76.47,77.07,74.5,74.8,64.47,4267100
2015-07-10,75.05,77.8,75.0,77.31,66.63,4983000
2015-07-13,79.5,79.7,77.91,78.83,67.94,9078900
2015-07-14,79.45,79.5,77.65,78.0,67.22,18746100
2015-07-15,77.65,78.17,76.4,76.71,66.11,6330500
2015-07-16,76.97,78.84,76.95,78.75,67.87,5634100
2015-07-17,79.43,79.69,77.26,79.63,68.63,6100900
2015-07-20,79.95,81.2,79.13,80.11,69.04,10284500
2015-07-21,79.97,80.68,79.4,80.22,69.14,6088600
2015-07-22,80.83,80.9,78.58,78.64,67.78,5201200
2015-07-23,78.42,78.57,76.64,76.74,66.6,2975400
2015-07-24,76.92,77.43,75.95,76.41,66.32,3116000
2015-07-27,76.63,77.98,76.29,77.38,67.16,5774300
2015-07-28,78.44,78.65,77.5,78.32,67.98,1895900
2015-07-29,78.26,78.3,77.0,77.91,67.62,2278600
2015-07-30,78.21,79.69,77.6,79.21,68.75,3247000
2015-07-31,79.94,79.94,78.86,79.47,68.97,2685500
2015-08-03,80.0,81.03,79.91,80.37,69.76,2681800
2015-08-04,80.57,81.0,79.67,79.81,69.27,2429600
2015-08-05,80.01,81.0,79.85,80.48,69.85,4324300
2015-08-06,81.05,81.19,79.51,79.76,69.23,3708600
2015-08-07,79.14,79.38,77.29,78.46,68.1,3274100
2015-08-10,79.43,79.8,78.57,78.81,68.4,3252300
2015-08-11,77.63,80.48,77.07,77.97,67.67,3889100
2015-08-12,77.83,78.31,76.09,76.69,66.56,3688800
2015-08-13,77.01,77.07,75.8,75.99,65.95,2917500
2015-08-14,76.07,76.74,75.12,76.42,66.33,2572800
2015-08-17,75.86,76.41,75.51,75.8,65.79,2260300
2015-08-18,75.72,75.95,75.06,75.19,65.26,2009700
2015-08-19,75.0,75.29,73.92,74.78,64.9,3025700
2015-08-20,74.02,74.76,73.78,74.25,64.44,2207000
2015-08-21,73.31,74.25,72.26,72.27,62.72,5564500
2015-08-24,68.24,72.24,61.42,70.87,61.51,9844600
2015-08-25,71.54,72.4,70.0,70.21,60.94,4423400
2015-08-26,71.72,74.11,69.53,73.91,64.15,5356300
2015-08-27,73.17,75.25,73.12,75.18,65.25,5937800
2015-08-28,74.4,75.19,73.82,74.69,64.83,2150100
2015-08-31,74.21,74.43,72.57,72.66,63.06,2688400
2015-09-01,71.23,72.54,69.64,70.12,60.86,4671400
2015-09-02,70.84,72.07,70.31,72.07,62.55,2986500
2015-09-03,72.56,73.89,71.79,72.16,62.63,2595300
2015-09-04,71.14,71.69,70.13,70.57,61.25,2997000
2015-09-08,71.85,74.33,70.81,74.07,64.29,4450700
2015-09-09,74.45,74.5,71.98,72.17,62.64,2936400
2015-09-10,72.13,73.05,71.78,72.16,62.63,3619700
2015-09-11,72.25,73.93,71.6,73.76,64.02,2146700
2015-09-14,73.5,74.71,72.56,74.55,64.7,2927400
2015-09-15,74.94,75.52,73.75,75.39,65.43,3393300
2015-09-16,75.2,76.71,74.3,76.37,66.28,2302800
2015-09-17,76.58,77.76,76.0,76.43,66.34,3142600
2015-09-18,75.55,76.5,75.01,75.44,65.48,7231700
2015-09-21,75.69,76.19,74.96,75.2,65.27,3256300
2015-09-22,74.15,74.87,73.66,74.31,64.5,2628700
2015-09-23,74.17,74.6,73.25,73.31,63.63,3713200
2015-09-24,73.0,73.14,71.7,72.92,63.29,4416100
2015-09-25,73.8,73.85,72.78,73.35,63.66,3517000
2015-09-28,72.81,73.27,69.99,69.99,60.75,5006600
2015-09-29,70.16,70.98,68.65,69.2,60.06,3870900
2015-09-30,69.67,70.8,69.46,70.58,61.26,3132800
2015-10-01,71.27,71.97,69.77,70.83,61.48,2519700
2015-10-02,70.19,71.46,69.37,71.41,61.98,2593100
2015-10-05,72.0,73.25,71.35,72.24,62.7,6323500
2015-10-06,72.29,73.05,71.89,72.47,62.9,2760200
2015-10-07,72.74,73.74,72.48,73.15,63.49,2325200
2015-10-08,73.16,74.47,72.74,74.43,64.6,2239700
2015-10-09,74.41,75.22,73.99,74.39,64.56,2938100
2015-10-12,74.41,74.41,73.31,73.72,63.98,2081100
2015-10-13,73.61,73.93,73.18,73.38,63.69,2147500
2015-10-14,73.12,74.3,73.0,73.77,64.03,1956800
2015-10-15,74.15,75.22,73.92,75.22,65.29,2135700
2015-10-16,75.68,78.0,74.87,77.39,67.17,3435200
2015-10-19,76.89,77.2,76.29,76.8,66.66,1951900
2015-10-20,76.2,77.16,76.11,76.87,66.72,1922100
2015-10-21,77.0,77.74,76.63,77.05,66.87,2370100
2015-10-22,77.22,79.94,77.22,79.94,69.38,3951700
2015-10-23,79.15,79.89,77.43,77.98,67.68,3179000
2015-10-26,78.18,78.18,76.48,76.81,66.67,2563800
2015-10-27,76.21,77.48,76.21,77.17,66.98,2435200
2015-10-28,77.15,79.2,76.34,79.18,68.72,2382000
2015-10-29,78.84,79.0,77.85,78.65,68.26,1788500
2015-10-30,78.37,78.99,77.86,77.97,67.67,2053000
2015-11-02,78.43,78.93,77.72,78.27,67.93,1536500
2015-11-03,77.83,78.0,75.88,76.43,66.34,4489800
2015-11-04,76.32,76.67,75.24,75.82,65.81,2630400
2015-11-05,76.2,76.5,74.75,75.42,65.46,3347200
2015-11-06,73.75,74.5,71.58,72.01,62.5,8819900
2015-11-09,72.0,72.68,70.85,71.24,61.83,4231000
2015-11-10,71.75,72.22,71.15,72.08,62.56,3470400
2015-11-11,72.7,72.86,71.36,72.11,62.59,3537300
2015-11-12,71.18,71.38,70.25,70.9,62.03,3931500
2015-11-13,70.62,71.71,70.58,70.77,61.92,3008000
2015-11-16,71.02,72.11,70.94,71.65,62.69,2398400
2015-11-17,72.1,72.13,70.64,71.45,62.51,4247400
2015-11-18,71.84,73.04,71.17,72.58,63.5,3780200
2015-11-19,73.25,73.73,72.34,73.34,64.17,2828700
2015-11-20,74.17,75.57,73.4,73.65,64.44,4003200
2015-11-23,74.03,74.54,73.89,74.07,64.8,2706000
2015-11-24,73.73,74.51,73.68,74.47,65.15,2863900
2015-11-25,74.45,74.92,73.85,74.64,65.3,2384100
2015-11-27,74.57,75.0,74.22,74.61,65.28,777300
2015-11-30,74.52,74.86,73.5,73.69,64.47,4200100
2015-12-01,74.23,75.0,73.8,74.47,65.15,3749300
2015-12-02,74.21,74.62,72.92,73.04,63.9,2568600
2015-12-03,73.3,73.68,71.09,71.46,62.52,3019000
2015-12-04,71.4,72.73,71.07,72.22,63.19,4495900
2015-12-07,71.92,72.21,70.85,71.43,62.49,3323600
2015-12-08,71.0,71.65,70.59,71.53,62.58,4519800
2015-12-09,71.16,72.17,70.5,70.9,62.03,3940800
2015-12-10,70.83,71.33,70.51,70.84,61.98,2733700
2015-12-11,70.09,70.69,69.39,69.69,60.97,3756000
2015-12-14,70.07,71.08,69.77,70.97,62.1,3881600
2015-12-15,71.73,72.75,71.65,72.01,63.0,4168700
2015-12-16,72.61,73.2,71.89,73.01,63.88,2176900
2015-12-17,72.95,73.3,71.9,71.92,62.92,2402700
2015-12-18,71.42,71.94,70.63,70.67,61.83,6568300
2015-12-21,70.52,71.66,70.37,71.38,62.96,5466900
2015-12-22,71.64,73.19,71.32,72.93,64.33,5053300
2015-12-23,73.3,74.78,72.99,74.51,65.72,4193400
2015-12-24,74.81,74.81,73.88,73.96,65.24,1962500
2015-12-28,73.71,73.78,72.89,73.42,64.76,5421800
2015-12-29,73.65,74.86,73.4,74.69,65.88,4350900
2015-12-30,74.65,74.96,73.71,73.75,65.05,1779900
2015-12-31,73.37,73.5,72.63,72.76,64.18,1857100
2016-01-04,71.38,72.85,71.35,72.7,64.13,5209400
2016-01-05,72.74,73.58,72.28,73.39,64.74,3858200
2016-01-06,72.2,73.68,72.03,73.53,64.86,3294700
2016-01-07,72.01,72.99,71.85,71.9,63.42,4050300
2016-01-08,72.19,72.47,71.1,71.18,62.79,3092100
2016-01-11,71.35,72.53,70.77,72.27,63.75,3329000
2016-01-12,72.85,73.35,72.13,73.23,64.59,2924600
2016-01-13,73.19,73.44,70.64,70.81,62.46,3448500
2016-01-14,70.96,71.53,70.3,70.74,62.4,4610600
2016-01-15,68.9,70.15,68.18,69.2,61.04,6551200
2016-01-19,70.01,70.52,69.55,70.17,61.9,5107100
2016-01-20,69.28,71.58,68.74,71.17,62.78,4607000
2016-01-21,72.0,73.33,71.33,73.05,64.44,6208200
2016-01-22,73.6,74.5,72.51,74.39,65.62,3111700
2016-01-25,73.7,74.67,73.34,74.03,65.3,4123100
2016-01-26,73.37,76.0,73.37,75.98,67.02,3851300
2016-01-27,75.87,77.15,75.15,75.97,67.01,5348200
2016-01-28,76.27,76.99,75.48,76.16,67.18,3542400
2016-01-29,76.9,78.22,76.4,78.06,68.86,4508200
2016-02-01,77.37,77.48,75.67,77.01,67.93,3564200
2016-02-02,75.97,76.8,75.72,75.97,67.01,5631600
2016-02-03,76.37,76.37,73.83,74.89,66.06,6239700
2016-02-04,75.04,75.2,72.92,74.15,65.41,7077100
2016-02-05,74.28,74.56,72.14,72.78,64.2,9351600
2016-02-08,72.09,72.2,70.18,71.22,62.82,4704600
2016-02-09,70.6,71.96,70.01,71.51,63.08,4616900
2016-02-10,72.07,73.3,71.71,72.11,63.61,2520100
2016-02-11,70.9,71.96,70.17,71.44,63.02,3041500
2016-02-12,72.2,72.45,71.02,71.92,63.44,2985800
2016-02-16,72.9,73.06,71.92,72.31,63.78,3852100
2016-02-17,73.0,74.39,72.5,74.24,65.49,3628100
2016-02-18,74.08,74.29,73.34,73.45,64.79,2755200
2016-02-19,72.9,73.69,72.83,73.52,64.85,4333500
2016-02-22,74.39,74.39,72.21,73.33,64.68,2916700
2016-02-23,73.1,73.49,72.56,72.82,64.23,2805600
2016-02-24,72.33,73.33,71.82,72.99,64.38,3526500
2016-02-25,73.41,74.98,73.33,74.96,66.12,4962300
2016-02-26,78.8,78.9,76.65,77.84,68.66,10319700
2016-02-29,77.28,78.0,76.93,77.02,67.94,4885500
2016-03-01,77.66,77.92,76.92,77.66,68.5,5445500
2016-03-02,77.61,77.8,76.12,77.49,68.35,5075800
2016-03-03,77.3,77.55,76.46,77.37,68.25,3239900
2016-03-04,77.91,77.92,76.26,77.2,68.1,3677800
2016-03-07,77.01,77.39,76.14,76.5,67.48,2574800
2016-03-08,76.01,77.15,75.94,76.29,67.29,2783700
2016-03-09,76.67,77.0,75.8,76.63,67.59,2631300
2016-03-10,76.98,77.15,75.55,76.22,67.23,2107200
2016-03-11,77.26,77.35,76.41,76.95,67.88,2342700
2016-03-14,76.88,77.77,76.1,77.57,68.42,2278300
2016-03-15,77.46,77.82,76.82,77.78,68.61,2924700
2016-03-16,77.98,78.11,76.95,78.03,69.34,3400000
2016-03-17,77.58,78.1,76.74,78.01,69.32,4506000
2016-03-18,78.38,78.39,76.77,77.31,68.7,9081000
2016-03-21,76.97,77.5,76.17,76.59,68.06,3203400
2016-03-22,76.99,77.03,76.03,76.44,67.93,2615600
2016-03-23,76.57,77.06,76.21,76.81,68.26,2295800
2016-03-24,76.77,77.27,75.86,76.46,67.95,3356700
2016-03-28,76.62,77.93,76.06,77.76,69.1,3581800
2016-03-29,77.58,78.81,77.03,78.8,70.03,3907400
2016-03-30,78.92,79.05,78.27,78.9,70.11,3339900
2016-03-31,78.95,78.95,78.28,78.56,69.81,3400300
2016-04-01,78.53,79.16,78.11,79.08,70.27,3418200
2016-04-04,78.97,79.09,78.38,78.85,70.07,3495200
2016-04-05,78.47,78.85,77.89,78.01,69.32,2679600
2016-04-06,78.42,78.42,77.5,78.36,69.63,2421900
2016-04-07,78.02,78.29,77.03,77.5,68.87,3216400
2016-04-08,77.97,78.6,77.54,78.47,69.73,2139000
2016-04-11,78.73,79.0,77.85,77.91,69.23,2894800
2016-04-12,78.0,78.63,77.54,78.33,69.61,2348300
2016-04-13,78.68,78.73,77.09,77.4,68.78,3246400
2016-04-14,77.4,77.82,76.89,77.17,68.58,3150500
2016-04-15,77.56,78.29,77.13,78.05,69.36,3042200
2016-04-18,77.92,78.36,77.27,78.34,69.62,2207300
2016-04-19,78.34,78.88,77.86,78.3,69.58,2591200
2016-04-20,78.34,78.68,77.5,77.92,69.24,1867400
2016-04-21,77.79,77.92,76.64,76.74,68.19,2110700
2016-04-22,76.7,78.15,76.7,78.1,69.4,2409800
2016-04-25,77.88,78.84,77.54,78.73,69.96,2323800
2016-04-26,78.71,79.55,78.51,78.7,69.94,2315700
2016-04-27,79.22,79.5,77.99,79.1,70.29,2249600
2016-04-28,78.55,79.23,78.09,78.36,69.63,1962600
2016-04-29,77.61,78.29,77.13,78.07,69.38,3208700
2016-05-02,78.07,80.25,78.0,79.52,70.67,3700700
2016-05-03,79.02,79.29,78.22,78.68,69.92,2508200
2016-05-04,78.48,80.3,78.29,79.98,71.07,4687000
2016-05-05,82.96,84.17,82.5,82.97,73.73,8629300
2016-05-06,82.83,84.04,81.94,84.0,74.65,3993600
2016-05-09,84.0,84.79,83.64,84.26,74.88,3272300
2016-05-10,84.44,86.2,84.23,86.14,76.55,3593700
2016-05-11,85.97,86.54,85.19,85.2,75.71,2824500
2016-05-12,85.48,86.66,85.15,86.34,76.73,2427500
2016-05-13,86.03,86.45,84.72,85.13,75.65,2857300
2016-05-16,85.33,86.24,85.04,85.87,76.31,2061900
2016-05-17,85.69,86.06,81.77,82.16,73.01,7395100
2016-05-18,81.95,82.28,80.46,81.18,72.14,8695600
2016-05-19,80.85,83.02,80.61,83.0,73.76,3932800
2016-05-20,82.4,82.86,81.82,82.42,73.24,2720100
2016-05-23,82.51,83.25,82.42,82.81,73.59,1996900
2016-05-24,83.13,84.38,82.7,84.22,74.84,2385600
2016-05-25,83.56,84.78,83.13,84.27,75.4,2563100
2016-05-26,84.02,84.82,83.76,83.81,74.99,2424000
2016-05-27,83.66,84.26,83.5,84.1,75.25,1272800
2016-05-31,84.16,84.44,82.67,83.19,74.43,3943700
2016-06-01,83.09,83.99,83.0,83.95,75.11,1955400
2016-06-02,83.88,84.79,83.55,84.78,75.86,2207200
2016-06-03,85.0,85.42,84.7,85.3,76.32,3031400
2016-06-06,85.5,85.6,84.69,84.99,76.05,2551900
2016-06-07,85.17,85.68,84.62,84.75,75.83,2454400
2016-06-08,85.06,85.42,84.33,85.18,76.22,1757200
2016-06-09,84.92,85.73,84.78,85.62,76.61,2098600
2016-06-10,85.6,85.6,84.71,85.34,76.36,2118000
2016-06-13,85.27,85.75,84.64,84.95,76.01,2790400
2016-06-14,84.94,85.29,84.33,84.88,75.95,2637500
2016-06-15,85.0,85.39,84.36,84.84,75.91,2967400
2016-06-16,84.68,85.32,83.98,85.28,76.3,2333400
2016-06-17,85.34,85.37,84.02,84.82,75.89,5526500
2016-06-20,85.49,86.5,85.24,85.5,76.5,2854100
2016-06-21,85.54,86.44,85.49,85.69,76.67,1953700
2016-06-22,85.94,85.99,85.08,85.21,76.24,1961400
2016-06-23,85.94,86.39,85.43,86.37,77.28,2452200
2016-06-24,83.7,85.1,83.42,83.73,74.92,11942100
2016-06-27,83.23,83.85,82.5,83.63,74.83,3458500
2016-06-28,83.88,84.79,83.0,84.77,75.85,3569400
2016-06-29,85.03,86.33,84.7,86.1,77.04,3348300
2016-06-30,86.39,88.63,86.17,88.48,79.17,5571200
2016-07-01,88.58,89.4,88.15,88.24,78.95,2551300
2016-07-05,88.19,89.49,87.5,88.74,79.4,3320400
2016-07-06,88.65,89.76,88.25,89.74,80.3,3331700
2016-07-07,89.57,89.82,88.81,89.31,79.91,2525600
2016-07-08,89.93,90.26,89.13,89.85,80.39,3703300
2016-07-11,89.93,90.15,89.31,89.84,80.38,2860500
2016-07-12,89.49,89.72,87.63,87.8,78.56,4362900
2016-07-13,87.83,89.08,87.63,89.02,79.65,2702400
2016-07-14,89.14,89.25,87.86,88.34,79.04,3457800
2016-07-15,88.9,89.22,88.13,88.86,79.51,2311700
2016-07-18,89.08,89.3,88.54,89.1,79.72,1769400
2016-07-19,88.84,89.11,88.26,88.97,79.61,1751700
2016-07-20,88.87,88.95,87.94,88.17,78.89,2229500
2016-07-21,88.1,88.19,87.33,87.64,78.42,2081100
2016-07-22,88.02,88.49,87.82,88.16,78.88,2022900
2016-07-25,88.16,88.43,87.83,88.41,79.11,1447400
2016-07-26,88.54,88.79,87.04,87.06,77.9,1553100
2016-07-27,87.38,87.46,85.2,85.63,76.62,3931700
2016-07-28,85.68,86.21,85.24,85.96,76.91,2190300
2016-07-29,86.23,86.63,85.86,86.39,77.3,1778900
2016-08-01,86.3,86.58,85.52,85.97,76.92,2778500
2016-08-02,85.75,85.75,84.64,85.15,76.19,2832300
2016-08-03,85.31,85.48,84.25,84.9,75.96,2491500
2016-08-04,85.13,85.64,84.68,85.54,76.54,3221800
2016-08-05,89.85,90.49,88.5,88.79,79.45,5106200
2016-08-08,88.71,88.79,87.59,88.75,79.41,2428000
2016-08-09,88.93,89.99,88.74,89.78,80.33,2275800
2016-08-10,89.77,89.95,88.97,89.35,79.95,1423100
2016-08-11,89.71,90.43,89.29,89.44,80.03,2588800
2016-08-12,89.23,90.47,89.23,89.56,80.13,1539100
2016-08-15,89.71,89.89,88.85,89.08,79.7,1661000
2016-08-16,89.03,89.17,88.25,88.96,79.6,2259300
2016-08-17,89.05,89.47,88.24,89.41,80.0,1832700
2016-08-18,89.3,89.86,89.1,89.76,80.31,1823000
2016-08-19,89.6,90.2,89.35,89.92,80.46,1694900
2016-08-22,89.88,90.39,89.52,89.97,80.5,2092800
2016-08-23,90.25,90.48,89.35,89.47,80.05,2020000
2016-08-24,88.84,88.99,88.03,88.95,80.13,2581200
2016-08-25,88.99,89.94,88.69,88.9,80.08,1825900
2016-08-26,89.04,89.45,87.92,88.17,79.42,1863600
2016-08-29,88.35,88.81,88.13,88.57,79.78,1685100
2016-08-30,88.63,88.82,87.77,87.97,79.24,1841500
2016-08-31,88.11,89.82,88.11,89.49,80.61,2696400
2016-09-01,89.57,89.71,88.54,89.48,80.6,2215500
2016-09-02,89.9,90.54,89.11,89.61,80.72,2062100
2016-09-06,89.69,90.18,89.14,89.74,80.84,1786400
2016-09-07,89.23,89.81,88.96,89.79,80.88,3344800
2016-09-08,89.7,89.79,88.71,89.19,80.34,2191600
2016-09-09,88.24,88.37,85.95,85.97,77.44,3837900
2016-09-12,85.58,88.7,85.35,88.56,79.77,3015000
2016-09-13,89.27,89.27,87.45,88.27,79.51,2579800
2016-09-14,88.13,88.82,87.38,87.68,78.98,1898400
2016-09-15,87.36,89.26,87.32,89.17,80.32,1912600
2016-09-16,88.83,89.13,87.65,88.94,80.12,4476800
2016-09-19,88.88,89.0,86.9,86.97,78.34,4032400
2016-09-20,87.48,87.72,87.1,87.12,78.48,3018400
2016-09-21,87.26,88.16,86.76,87.91,79.19,2592400
2016-09-22,88.63,89.16,88.34,89.05,80.22,1516800
2016-09-23,89.19,89.5,88.67,88.83,80.02,1467000
2016-09-26,88.78,88.98,88.06,88.53,79.75,1487400
2016-09-27,88.76,89.49,88.52,89.23,80.38,1530300
2016-09-28,89.58,89.62,88.81,89.55,80.67,1628700
2016-09-29,89.23,89.43,88.41,88.57,79.78,1411800
2016-09-30,89.0,89.91,88.85,89.51,80.63,2499200
2016-10-03,89.25,89.46,88.75,89.08,80.24,1857900
2016-10-04,89.29,89.29,87.69,88.02,79.29,1940500
2016-10-05,88.32,88.32,87.34,87.38,78.71,1910900
2016-10-06,87.03,87.66,86.78,87.49,78.81,1172000
2016-10-07,87.76,87.76,86.7,87.4,78.73,1723500
2016-10-10,87.44,88.67,87.44,88.5,79.72,2012500
2016-10-11,88.24,88.5,87.06,87.24,78.59,2508700
2016-10-12,88.46,88.46,87.0,87.14,78.5,3072600
2016-10-13,86.79,87.32,86.5,87.05,78.41,2861900
2016-10-14,87.34,88.7,87.06,88.53,79.75,2388900
2016-10-17,88.72,89.0,88.03,88.83,80.02,2208400
2016-10-18,90.09,90.15,88.9,88.93,80.11,2740000
2016-10-19,88.93,88.95,87.55,88.08,79.34,2721000
2016-10-20,87.22,88.76,87.22,87.96,79.23,2662100
2016-10-21,87.65,88.18,86.98,87.92,79.2,2086600
2016-10-24,88.61,89.22,88.51,88.91,80.09,1744500
2016-10-25,89.23,89.68,88.17,88.36,79.59,3220100
2016-10-26,88.51,88.7,87.91,88.08,79.34,1513400
2016-10-27,88.17,88.37,87.18,87.69,78.99,2127800
2016-10-28,87.48,88.67,87.48,88.08,79.34,1771100
2016-10-31,88.44,89.16,88.31,88.95,80.13,3577400
2016-11-01,89.0,89.18,88.11,88.37,79.6,2542700
2016-11-02,88.63,88.69,87.98,88.15,79.41,1916700
2016-11-03,88.12,88.37,86.13,86.25,77.69,5041900
2016-11-04,82.03,85.24,81.0,84.05,75.71,7825200
2016-11-07,85.32,86.09,84.3,86.03,77.5,4101100
2016-11-08,86.23,88.84,86.07,88.34,79.58,2791200
2016-11-09,86.18,86.97,84.18,84.94,76.51,5097200
2016-11-10,85.03,85.53,80.56,81.42,73.34,7643600
2016-11-11,81.0,81.74,80.16,81.21,73.15,4151100
2016-11-14,81.01,81.63,79.92,80.08,72.14,4463400
2016-11-15,80.57,81.72,80.22,81.14,73.09,5723900
2016-11-16,81.38,82.75,81.29,82.4,74.23,3327200
2016-11-17,82.31,82.84,81.5,82.84,74.62,3161600
2016-11-18,82.7,82.93,82.02,82.53,74.34,2715700
2016-11-21,82.53,83.82,82.21,83.64,75.34,2508600
2016-11-22,83.86,84.47,83.7,84.09,75.75,2648000
2016-11-23,83.8,84.31,81.73,82.44,74.26,3459900
2016-11-25,82.63,83.29,82.63,82.95,74.72,1230300
2016-11-28,82.95,83.67,82.36,83.22,74.96,2642300
2016-11-29,83.4,84.5,83.13,84.0,75.67,3744600
2016-11-30,83.1,83.51,81.65,81.65,74.08,3309900
2016-12-01,81.51,81.78,79.93,80.49,73.03,4043300
2016-12-02,80.74,81.52,80.35,80.91,73.41,2779300
2016-12-05,80.91,81.15,80.11,80.28,72.84,4415500
2016-12-06,80.61,80.88,79.69,79.96,72.55,3566800
2016-12-07,80.44,83.21,80.27,82.95,75.26,4870200
2016-12-08,82.59,82.79,81.86,82.31,74.68,2497500
2016-12-09,82.55,83.79,82.07,83.78,76.01,2380900
2016-12-12,83.6,84.83,83.29,84.2,76.39,2536300
2016-12-13,84.6,85.6,84.03,84.94,77.06,3644100
2016-12-14,84.98,85.4,83.72,84.36,76.54,3348600
2016-12-15,85.13,86.06,84.13,85.37,77.45,4410100
2016-12-16,85.88,86.56,84.86,86.46,78.44,6037700
2016-12-19,86.35,86.89,85.72,86.6,78.57,3365400
2016-12-20,86.28,86.6,85.33,85.98,78.01,2665500
2016-12-21,85.93,86.99,85.8,86.61,78.58,2202000
2016-12-22,86.45,87.29,86.3,87.28,79.19,1966300
2016-12-23,87.1,87.62,86.96,87.57,79.45,2484700
2016-12-27,87.66,88.08,87.3,87.58,79.46,1993200
2016-12-28,87.5,87.77,87.03,87.31,79.21,1384800
2016-12-29,87.3,88.15,87.3,87.93,79.78,1837800
2016-12-30,88.02,88.16,87.07,87.32,79.22,2051400
2017-01-03,87.85,87.97,86.4,87.53,79.41,3104600
2017-01-04,87.52,87.97,86.9,87.03,78.96,2274900
2017-01-05,86.9,87.3,86.08,86.53,78.51,3037400
2017-01-06,86.53,86.63,85.83,86.31,78.31,2450200
2017-01-09,86.25,86.47,85.59,86.07,78.09,2482400
2017-01-10,85.85,86.3,85.41,85.91,77.94,2539900
2017-01-11,86.12,87.04,86.04,86.76,78.72,2754500
2017-01-12,86.83,87.77,86.5,87.42,79.31,2484700
2017-01-13,87.42,87.43,86.58,87.03,78.96,1799100
2017-01-17,86.71,87.97,86.71,87.92,79.77,2304800
2017-01-18,87.8,88.59,87.8,88.35,80.16,2881800
2017-01-19,88.18,88.43,87.55,87.85,79.7,1690600
2017-01-20,88.35,89.0,88.01,88.95,80.7,2795500
2017-01-23,88.66,88.95,88.2,88.8,80.57,2654100
2017-01-24,88.91,89.19,88.32,88.69,80.47,2171100
2017-01-25,88.93,89.27,88.41,88.84,80.6,2262100
2017-01-26,89.49,89.9,88.71,89.41,81.12,3091900
2017-01-27,88.96,89.77,88.78,89.43,81.14,1842800
2017-01-30,89.09,89.5,88.63,89.08,80.82,2233600
2017-01-31,88.9,89.56,88.83,89.29,81.01,2650500
2017-02-01,88.89,89.33,88.31,88.41,80.21,1816800
2017-02-02,88.51,89.1,88.32,88.61,80.39,1826700
2017-02-03,89.21,89.35,88.64,89.27,80.99,2205100
2017-02-06,89.3,89.4,88.64,88.7,80.48,1359800
2017-02-07,88.71,89.02,88.5,88.81,80.58,2599300
2017-02-08,88.81,89.31,88.79,89.19,80.92,3300300
2017-02-09,89.27,90.39,89.04,89.78,81.46,2708300
2017-02-10,89.6,90.54,89.34,90.2,81.84,1882100
2017-02-13,90.31,90.6,89.69,90.58,82.18,1812500
2017-02-14,90.57,91.06,90.1,90.81,82.39,2322700
2017-02-15,91.13,91.3,90.26,91.1,82.65,3083900
2017-02-16,89.1,89.84,86.35,87.28,79.19,10584700
2017-02-17,92.0,97.77,91.85,96.65,87.69,30007700
2017-02-21,91.82,95.48,91.35,94.87,86.07,14423200
2017-02-22,94.85,95.0,92.99,93.36,84.7,4990400
2017-02-23,93.29,93.62,92.35,92.94,84.32,2901000
2017-02-24,93.51,93.8,92.57,93.08,84.45,2670500
2017-02-27,92.6,92.87,90.33,90.61,82.21,6084900
2017-02-28,90.68,91.98,90.35,91.51,83.03,4267700
2017-03-01,91.77,91.91,90.65,91.43,83.5,2858600
2017-03-02,91.5,91.69,90.78,91.28,83.36,2552700
2017-03-03,91.25,91.5,90.81,91.5,83.56,1653000
2017-03-06,91.02,91.51,90.79,91.16,83.25,2044900
2017-03-07,90.81,91.44,90.72,90.8,82.92,1491000
2017-03-08,90.67,91.17,90.44,90.9,83.02,2034200
2017-03-09,90.77,91.58,90.62,91.53,83.59,2108500
2017-03-10,92.08,92.09,91.26,91.51,83.57,2277100
2017-03-13,91.37,91.5,91.02,91.18,83.27,2182900
2017-03-14,91.16,91.35,90.67,91.06,83.16,2097300
2017-03-15,91.59,92.14,91.09,91.84,83.87,2076300
2017-03-16,92.74,93.27,92.16,92.77,84.72,4139000
2017-03-17,93.6,93.67,91.82,91.98,84.0,5655700
2017-03-20,92.03,92.95,91.89,92.36,84.35,2063000
2017-03-21,92.31,92.78,91.59,91.9,83.93,2322600
2017-03-22,92.25,92.75,92.04,92.29,84.29,1540300
2017-03-23,92.05,92.78,91.9,92.01,84.03,1833300
2017-03-24,92.24,92.4,91.32,91.68,83.73,1703800
2017-03-27,91.5,91.59,91.09,91.25,83.34,1699000
2017-03-28,90.78,91.67,90.78,91.41,83.48,2222800
2017-03-29,91.2,91.6,91.06,91.49,83.55,1462600
2017-03-30,91.43,91.67,91.04,91.1,83.2,1143100
2017-03-31,90.88,91.19,90.57,90.81,82.93,2205100
2017-04-03,90.8,91.28,90.63,91.06,83.16,3414800
2017-04-04,90.7,91.25,90.27,91.22,83.31,2194000
2017-04-05,91.1,92.42,91.03,91.42,83.49,2694700
2017-04-06,91.49,91.79,90.65,90.95,83.06,2096900
2017-04-07,91.17,91.49,90.67,90.7,82.83,2000300
2017-04-10,90.65,91.0,90.16,90.89,83.01,3496900
2017-04-11,90.89,91.07,90.39,90.83,82.95,1396500
2017-04-12,91.03,92.14,91.01,91.93,83.96,2007400
2017-04-13,92.05,92.05,91.48,91.5,83.56,1816300
2017-04-17,91.8,91.96,91.03,91.58,83.64,1803800
2017-04-18,91.54,92.63,91.33,92.5,84.48,2135100
2017-04-19,92.43,92.45,91.69,91.85,83.88,1978300
2017-04-20,92.11,92.4,91.55,92.04,84.06,1787900
2017-04-21,92.13,92.24,91.56,91.6,83.66,1964500
2017-04-24,92.01,92.87,92.01,92.56,84.53,2185400
2017-04-25,92.64,92.89,92.28,92.29,84.29,1882400
2017-04-26,92.32,92.33,90.88,90.92,83.03,2736600
2017-04-27,90.92,91.42,90.66,90.83,82.95,2290300
2017-04-28,91.2,91.23,89.83,90.39,82.55,2894500
2017-05-01,90.65,90.75,89.35,89.47,81.71,3363600
2017-05-02,89.64,89.83,88.76,89.0,81.28,3058600
2017-05-03,90.22,90.22,88.9,89.14,81.41,2695300
2017-05-04,88.0,91.8,87.14,89.7,81.92,6391200
2017-05-05,89.86,90.1,89.18,89.63,81.86,2267300
2017-05-08,89.58,89.77,89.0,89.48,81.72,2311600
2017-05-09,89.23,89.65,88.87,89.2,81.46,2299200
2017-05-10,89.11,89.4,88.94,89.33,81.58,1654400
2017-05-11,88.8,89.46,88.8,89.28,81.54,1402500
2017-05-12,89.34,89.45,88.67,88.95,81.24,1827300
2017-05-15,88.76,89.47,88.56,89.45,81.69,2029600
2017-05-16,89.26,89.83,88.85,89.11,81.38,1974600
2017-05-17,88.91,90.14,88.51,89.51,82.3,3866600
2017-05-18,89.65,90.73,88.91,90.16,82.9,2854700
2017-05-19,89.75,90.55,89.4,90.28,83.01,2707600
2017-05-22,90.11,91.33,90.04,91.18,83.84,1830500
2017-05-23,91.21,92.0,91.01,91.87,84.47,1803500
2017-05-24,92.0,92.66,91.78,92.59,85.13,1814900
2017-05-25,92.69,93.01,92.38,92.81,85.33,1665400
2017-05-26,92.9,93.09,92.52,92.99,85.5,1308000
2017-05-30,92.94,93.0,92.19,92.46,85.01,1952600
2017-05-31,92.63,92.95,91.97,92.2,84.77,2283000
2017-06-01,92.35,92.74,91.42,92.73,85.26,2466000
2017-06-02,92.94,93.55,92.38,93.54,86.01,2506100
2017-06-05,93.58,93.7,93.05,93.44,85.91,1707500
2017-06-06,93.45,93.87,93.08,93.21,85.7,1758500
2017-06-07,93.45,93.88,93.14,93.77,86.22,1987300
2017-06-08,93.46,93.67,92.47,92.57,85.11,2458700
2017-06-09,92.48,92.54,90.46,90.83,83.51,2801800
2017-06-12,90.6,92.42,90.43,91.25,83.9,2720600
2017-06-13,90.68,91.66,90.17,91.59,84.21,1909800
2017-06-14,92.15,92.45,90.99,91.46,84.09,1697300
2017-06-15,91.16,91.84,91.01,91.65,84.27,2312700
2017-06-16,90.87,91.22,88.91,89.41,82.21,7470600
2017-06-19,89.96,90.24,89.02,89.85,82.61,3331600
2017-06-20,89.66,89.77,89.14,89.28,82.09,2659500
2017-06-21,89.31,89.7,89.11,89.4,82.2,2186200
2017-06-22,89.47,89.75,88.89,89.1,81.92,2721000
2017-06-23,89.4,89.4,88.57,88.85,81.69,4205800
2017-06-26,89.53,89.73,88.87,88.94,81.78,1704300
2017-06-27,88.76,88.95,87.48,87.51,80.46,2962100
2017-06-28,88.11,88.49,87.21,87.82,80.75,3032300
2017-06-29,87.69,87.81,85.45,85.76,78.85,5189200
2017-06-30,87.2,87.27,85.5,85.64,78.74,3415000
2017-07-03,85.96,86.1,84.39,84.47,77.67,2905500
2017-07-05,84.46,84.76,83.64,83.79,77.04,4607700
2017-07-06,83.3,83.61,82.62,82.82,76.15,3403100
2017-07-07,82.58,83.9,82.2,83.04,76.35,3454600
2017-07-10,83.39,83.73,82.76,82.77,76.1,2980600
2017-07-11,82.2,83.99,82.2,83.75,77.0,5022700
2017-07-12,84.33,85.18,84.29,84.7,77.88,4026400
2017-07-13,84.74,85.04,84.33,84.85,78.02,2626500
2017-07-14,85.31,85.7,84.83,85.65,78.75,2533600
2017-07-17,85.68,85.75,85.09,85.6,78.71,1831500
2017-07-18,85.69,85.85,85.17,85.6,78.71,1586800
2017-07-19,85.63,85.85,85.21,85.69,78.79,2184500
2017-07-20,86.1,86.1,85.67,85.9,78.98,2770500
2017-07-21,85.66,86.19,85.41,86.16,79.22,2840800
2017-07-24,86.12,86.31,85.6,86.22,79.28,1881400
2017-07-25,86.24,87.61,86.14,87.42,80.38,3016900
2017-07-26,87.5,90.38,87.41,87.66,80.6,2935300
2017-07-27,87.53,88.22,87.31,88.19,81.09,3025800
2017-07-28,87.8,88.07,87.07,87.64,80.58,1902100
2017-07-31,87.79,87.99,86.98,87.46,80.42,2593100
2017-08-01,87.38,87.77,86.55,86.67,79.69,3281500
2017-08-02,86.29,87.14,85.48,86.87,79.87,3770500
2017-08-03,86.9,87.6,86.33,86.51,79.54,3966400
2017-08-04,87.58,87.58,85.98,86.66,79.68,8002300
2017-08-07,86.54,87.23,86.26,87.02,80.01,3195100
2017-08-08,86.64,86.98,86.02,86.16,79.22,3125500
2017-08-09,86.0,86.74,85.51,86.46,79.5,2527100
2017-08-10,85.92,86.4,85.58,85.89,78.97,3015600
2017-08-11,85.9,86.57,85.64,86.47,79.51,2538900
2017-08-14,86.75,87.29,86.5,87.02,80.01,2473400
2017-08-15,87.05,87.2,86.5,86.74,79.75,1766700
2017-08-16,86.45,86.68,86.28,86.5,80.11,1920100
2017-08-17,86.27,86.76,85.08,85.11,78.82,3023000
2017-08-18,84.92,85.28,84.16,84.49,78.25,2833500
2017-08-21,84.73,84.73,84.25,84.55,78.3,1764700
2017-08-22,84.76,85.13,84.65,85.05,78.77,2038600
2017-08-23,84.95,85.16,84.48,84.75,78.49,1687600
2017-08-24,84.5,84.59,82.69,82.8,76.68,3438100
2017-08-25,83.28,83.32,82.45,82.6,76.5,3285600
2017-08-28,82.78,83.0,81.62,82.14,76.07,2644100
2017-08-29,81.78,82.11,81.09,81.44,75.42,3491400
2017-08-30,81.5,82.19,81.23,81.93,75.88,3426800
2017-08-31,81.1,82.1,80.29,80.75,74.78,5374100
2017-09-01,80.75,81.1,80.1,80.85,74.88,4889900
2017-09-05,80.72,81.5,80.55,81.15,75.16,3301700
2017-09-06,81.23,81.4,80.83,81.33,75.32,2517500
2017-09-07,81.45,81.72,80.83,81.46,75.44,3257200
2017-09-08,81.45,82.02,80.66,81.72,75.68,3546800
2017-09-11,82.1,82.56,81.96,82.55,76.45,2905500
2017-09-12,82.82,82.98,82.06,82.18,76.11,2256000
2017-09-13,82.26,82.35,81.67,81.91,75.86,2939200
2017-09-14,81.98,82.0,81.0,81.28,75.28,2987900
2017-09-15,81.33,81.88,80.52,81.43,75.41,5962900
2017-09-18,81.24,81.61,81.04,81.4,75.39,2766200
2017-09-19,81.3,81.42,80.6,80.83,74.86,2382900
2017-09-20,80.49,80.56,79.13,79.87,73.97,6182400
2017-09-21,79.99,80.46,78.94,79.01,73.17,2962700
2017-09-22,79.01,79.24,77.4,77.52,71.79,4792600
2017-09-25,77.6,78.45,77.47,78.42,72.63,4332600
2017-09-26,78.6,78.91,78.03,78.59,72.78,3160300
2017-09-27,78.64,78.8,77.8,78.23,72.45,3278800
2017-09-28,78.28,78.75,77.73,77.97,72.21,2804500
2017-09-29,78.03,78.27,77.44,77.55,71.82,3781800
2017-10-02,77.55,78.27,76.89,77.85,72.1,3635900
2017-10-03,77.95,78.14,77.29,77.82,72.07,2372900
2017-10-04,77.23,78.15,76.76,77.77,72.03,3681100
2017-10-05,77.95,78.49,77.7,78.25,72.47,2845300
2017-10-06,78.84,78.94,77.99,78.18,72.4,2355900
2017-10-09,78.29,78.62,77.19,77.33,71.62,2673700
2017-10-10,77.75,78.25,77.66,78.14,72.37,2984700
2017-10-11,78.06,78.66,77.92,78.19,72.41,2327700
2017-10-12,78.35,78.65,78.04,78.15,72.38,2485400
2017-10-13,78.55,78.6,77.66,77.74,72.0,3707800
2017-10-16,77.79,78.1,77.48,77.65,71.91,3432300
2017-10-17,77.73,78.01,77.34,77.54,71.81,4373400
2017-10-18,77.41,77.46,76.67,77.1,71.4,3279400
2017-10-19,77.0,77.09,76.31,76.47,70.82,3965000
2017-10-20,76.77,77.1,76.12,76.71,71.04,4761200
2017-10-23,76.88,77.1,76.45,77.06,71.37,4240900
2017-10-24,77.12,77.42,76.93,77.22,71.52,3061500
2017-10-25,76.73,77.42,76.23,77.33,71.62,3927100
2017-10-26,77.59,77.94,77.15,77.3,71.59,2849600
2017-10-27,76.82,77.47,76.24,77.3,71.59,3751800
2017-10-30,77.2,77.22,75.21,75.27,69.71,5216300
2017-10-31,76.18,77.4,76.02,77.33,71.62,4836100
2017-11-01,77.71,77.86,77.08,77.7,71.96,4052600
2017-11-02,76.84,78.19,75.51,78.03,72.27,6533400
2017-11-03,77.87,78.19,77.57,78.0,72.24,4077600
2017-11-06,78.09,78.22,76.51,77.0,71.31,4682000
2017-11-07,76.93,78.64,76.49,78.18,72.4,3421700
2017-11-08,78.64,80.09,78.22,79.58,73.7,4058700
2017-11-09,79.26,79.94,79.02,79.41,73.54,3431600
2017-11-10,78.97,79.88,78.97,79.72,73.83,3403000
2017-11-13,79.66,80.37,79.6,79.85,73.95,3237500
2017-11-14,79.54,79.88,79.03,79.38,73.52,2839200
2017-11-15,79.49,79.89,78.57,78.78,72.96,3277400
2017-11-16,78.72,80.16,78.51,79.68,74.38,3028900
2017-11-17,79.63,80.07,79.28,79.63,74.34,4263200
2017-11-20,79.7,80.96,79.63,79.93,74.62,3736700
2017-11-21,80.12,80.29,79.76,80.01,74.69,2455600
2017-11-22,80.04,80.2,79.59,79.82,74.51,2923900
2017-11-24,80.25,80.35,79.54,79.76,74.46,1144800
2017-11-27,79.76,80.04,79.45,79.61,74.32,4605000
2017-11-28,79.7,79.86,78.71,78.98,73.73,3165500
2017-11-29,78.95,81.56,78.83,81.09,75.7,4067400
2017-11-30,81.44,82.18,80.5,81.37,75.96,4409700
2017-12-01,80.95,81.6,80.29,81.21,75.81,3360800
2017-12-04,81.32,82.29,81.17,81.92,76.48,2908100
2017-12-05,82.05,82.48,80.51,80.64,75.28,3248000
2017-12-06,80.75,81.14,80.24,80.49,75.14,2582100
2017-12-07,80.17,80.5,79.31,79.36,74.09,2532300
2017-12-08,79.6,79.71,77.93,78.48,73.26,5332600
2017-12-11,78.18,78.39,77.19,78.37,73.16,3988400
2017-12-12,78.33,79.09,78.12,78.95,73.7,3140800
2017-12-13,79.25,79.6,78.77,79.28,74.01,3028300
2017-12-14,79.28,79.7,78.87,78.98,73.73,3321300
2017-12-15,79.8,79.83,79.01,79.54,74.25,6684900
2017-12-18,79.98,80.36,79.29,79.37,74.09,2721100
2017-12-19,79.52,79.82,78.39,78.52,73.3,2889900
2017-12-20,78.81,78.89,77.32,77.38,72.24,3802400
2017-12-21,77.84,78.17,77.07,77.88,72.7,4562400
2017-12-22,78.14,78.6,77.88,78.24,73.04,3091400
2017-12-26,78.12,78.47,78.0,78.11,72.92,2532000
2017-12-27,78.24,78.6,77.95,77.98,72.8,1757300
2017-12-28,78.22,78.29,77.72,77.92,72.74,1883800
2017-12-29,77.7,78.68,77.69,77.76,72.59,2443700
2018-01-02,78.22,78.31,76.88,77.02,71.9,4009000
2018-01-03,77.33,77.59,76.9,77.01,71.89,3369300
2018-01-04,77.23,78.22,77.06,77.91,72.73,3608500
2018-01-05,78.04,78.33,77.23,77.84,72.67,4152500
2018-01-08,77.82,78.58,77.82,78.48,73.26,3126900
2018-01-09,78.54,78.72,78.05,78.62,73.39,3436500
2018-01-10,78.65,78.65,77.4,77.89,72.71,3823700
2018-01-11,78.02,78.2,77.02,77.13,72.0,3493700
2018-01-12,77.35,77.57,76.6,77.35,72.21,4223500
2018-01-16,77.97,78.92,77.56,78.64,73.41,5327800
2018-01-17,79.11,80.67,78.79,80.07,74.75,6547600
2018-01-18,80.16,80.6,79.02,79.27,74.0,3447200
2018-01-19,79.53,79.96,79.1,79.66,74.37,3749400
2018-01-22,79.82,80.45,79.76,80.17,74.84,3988300
2018-01-23,79.76,80.53,79.56,80.27,74.93,2833000
2018-01-24,80.5,80.59,79.71,79.86,74.55,3119600
2018-01-25,80.0,80.44,79.38,79.67,74.37,2927300
2018-01-26,79.9,80.0,78.4,79.39,74.11,4772400
2018-01-29,79.17,79.88,78.39,78.42,73.21,3280500
2018-01-30,78.64,79.66,78.43,78.5,73.28,3334300
2018-01-31,78.62,78.88,77.85,78.39,73.18,4855700
2018-02-01,78.12,78.95,77.6,78.57,73.35,3119800
2018-02-02,78.12,78.34,76.65,77.19,72.06,5239700
2018-02-05,77.29,77.94,74.18,74.26,69.32,5372900
2018-02-06,73.84,74.32,72.05,74.31,69.37,7556400
2018-02-07,73.84,74.71,73.52,73.55,68.66,6753700
2018-02-08,73.6,74.04,71.25,71.58,66.82,8210800
2018-02-09,72.0,72.66,70.25,71.38,66.64,6871000
2018-02-12,71.52,72.63,71.45,71.81,67.04,4372900
2018-02-13,71.52,71.99,70.68,71.71,66.94,4043600
2018-02-14,71.34,72.04,70.7,71.92,67.14,5503100
2018-02-15,72.19,72.78,70.65,72.71,67.88,7410900
2018-02-16,69.94,71.25,67.65,70.8,66.09,14988800
2018-02-20,70.78,70.8,68.02,68.69,64.12,8715200
2018-02-21,68.92,68.93,67.44,67.47,62.99,6647900
2018-02-22,67.38,68.25,67.05,67.64,63.14,5972000
2018-02-23,67.96,69.11,67.35,69.02,64.43,5740900
2018-02-26,69.6,70.0,68.56,69.74,65.1,7520500
2018-02-27,69.61,70.01,67.86,67.87,63.36,5412100
2018-02-28,68.27,68.59,67.03,67.05,62.59,6193000
2018-03-01,67.14,67.99,66.36,66.89,62.44,5209600
2018-03-02,67.02,67.61,66.52,67.17,62.71,4820800
2018-03-05,66.72,67.73,66.72,67.43,62.95,3910800
2018-03-06,67.7,67.87,67.23,67.77,63.27,3539400
2018-03-07,67.35,67.59,66.73,67.46,62.98,3316500
2018-03-08,67.17,67.36,66.46,66.99,63.12,3508400
2018-03-09,67.2,67.6,66.53,67.23,63.35,4911000
2018-03-12,67.26,67.89,67.1,67.7,63.79,2653200
2018-03-13,67.84,67.95,67.16,67.37,63.48,3360700
2018-03-14,67.61,67.91,66.22,66.58,62.74,3900900
2018-03-15,66.4,66.67,65.11,65.46,61.68,4870800
2018-03-16,65.45,65.84,64.94,65.36,61.59,7204500
2018-03-19,65.18,65.36,63.58,63.95,60.26,6947200
2018-03-20,64.03,64.21,62.82,63.18,59.53,7502500
2018-03-21,62.53,62.76,61.75,61.99,58.41,7088700
2018-03-22,61.73,61.96,60.49,60.53,57.04,8156600
2018-03-23,60.73,61.66,59.95,60.03,56.56,6316300
2018-03-26,60.88,61.73,60.53,61.65,58.09,5310600
2018-03-27,61.74,61.98,60.39,60.7,57.2,5276500
2018-03-28,60.84,61.96,60.75,61.37,57.83,4778200
2018-03-29,61.79,62.62,61.69,62.29,58.69,5001900
2018-04-02,61.94,62.0,59.79,60.06,56.59,5294200
2018-04-03,60.62,60.66,59.48,60.24,56.76,6325300
2018-04-04,59.79,61.82,59.73,61.38,57.84,4764400
2018-04-05,61.7,61.9,60.95,61.31,57.77,4272700
2018-04-06,61.09,61.98,60.16,60.54,57.04,3932000
2018-04-09,60.89,61.4,60.34,60.65,57.15,4669300
2018-04-10,61.65,61.82,60.62,61.25,57.71,4667400
2018-04-11,60.85,61.83,60.78,61.54,57.99,3852600
2018-04-12,61.53,61.71,60.78,60.94,57.42,5145800
2018-04-13,61.07,61.13,60.49,60.92,57.4,3746000
2018-04-16,60.02,61.31,59.92,61.19,57.66,5446000
2018-04-17,61.69,61.81,61.09,61.69,58.13,4444100
2018-04-18,61.66,61.8,60.35,60.79,57.28,5525800
2018-04-19,60.75,60.89,59.63,59.73,56.28,7461800
2018-04-20,59.85,60.16,57.55,58.22,54.86,9765800
2018-04-23,58.0,58.19,57.41,57.68,54.35,7905100
2018-04-24,57.95,58.0,56.11,56.53,53.27,8266800
2018-04-25,56.52,57.4,56.29,56.85,53.57,6766600
2018-04-26,57.03,57.47,56.51,57.33,54.02,5147400
2018-04-27,57.43,58.26,57.36,57.66,54.33,4096100
2018-04-30,57.9,58.16,56.36,56.38,53.12,6761600
2018-05-01,56.32,56.44,55.3,55.7,52.48,6350200
2018-05-02,55.88,55.95,54.11,54.2,51.07,9045100
2018-05-03,56.27,56.4,54.94,54.95,51.78,10380800
2018-05-04,55.0,58.45,54.69,58.01,54.66,9221300
2018-05-07,58.5,59.24,58.19,58.83,55.43,7337400
2018-05-08,58.69,59.13,57.62,58.76,55.37,7163200
2018-05-09,58.94,59.32,58.09,58.48,55.1,5002300
2018-05-10,58.75,59.35,58.55,59.04,55.63,3934200
2018-05-11,58.97,59.86,58.97,59.24,55.82,3980300
2018-05-14,59.37,59.6,58.92,59.28,55.86,4228700
2018-05-15,59.16,59.49,58.62,59.04,55.63,5662600
2018-05-16,59.06,59.32,58.53,59.29,55.87,4334000
2018-05-17,58.72,58.84,57.72,58.06,55.29,4694100
2018-05-18,57.61,57.66,55.72,56.79,54.08,9529000
2018-05-21,57.0,57.35,56.2,56.45,53.76,4588300
2018-05-22,56.58,57.26,56.21,56.58,53.88,4179500
2018-05-23,56.3,57.08,56.3,56.98,54.26,3134900
2018-05-24,57.0,57.16,56.38,57.06,54.34,2750600
2018-05-25,57.12,58.12,57.1,57.77,55.01,3296000
2018-05-29,57.57,57.86,56.94,57.4,54.66,4231400
2018-05-30,57.65,59.06,57.44,58.84,56.03,5587300
2018-05-31,58.79,58.94,57.15,57.48,54.74,6787400
2018-06-01,57.64,58.18,57.28,57.65,54.9,4745600
2018-06-04,57.85,58.66,57.75,58.42,55.63,3626300
2018-06-05,58.78,58.79,57.67,57.92,55.16,4920300
2018-06-06,58.09,58.09,57.01,57.92,55.16,4826800
2018-06-07,57.51,58.16,57.07,57.67,54.92,4501800
2018-06-08,57.79,58.59,57.67,58.47,55.68,4266700
2018-06-11,58.6,60.14,58.58,59.88,57.02,5252000
2018-06-12,60.23,60.65,59.29,60.12,57.25,4309300
2018-06-13,60.36,60.68,59.65,60.1,57.23,3477900
2018-06-14,60.39,61.01,59.94,60.67,57.78,3572700
2018-06-15,60.81,61.64,60.39,61.61,58.67,7616400
2018-06-18,61.43,62.65,60.47,60.87,57.97,4491300
2018-06-19,60.59,62.27,60.5,62.14,59.18,5974300
2018-06-20,62.27,63.34,62.0,63.04,60.03,6027600
2018-06-21,63.05,63.2,62.25,62.57,59.59,4956000
2018-06-22,62.81,63.45,62.66,63.21,60.2,4247200
2018-06-25,62.85,64.54,62.82,63.32,60.3,4976500
2018-06-26,63.58,63.61,62.35,63.21,60.2,4190400
2018-06-27,62.99,63.81,62.51,62.69,59.7,3250100
2018-06-28,62.84,63.32,62.51,62.65,59.66,3688000
2018-06-29,62.91,63.23,62.13,62.82,59.82,3812500
2018-07-02,62.5,62.59,61.52,62.09,59.13,3666600
2018-07-03,62.33,63.13,62.33,62.64,59.65,1674000
2018-07-05,63.28,64.0,62.64,63.95,60.9,2834300
2018-07-06,64.0,64.62,63.67,64.43,61.36,3330000
2018-07-09,64.65,64.75,63.62,63.97,60.92,3079900
2018-07-10,64.34,64.34,63.33,64.0,60.95,3112900
2018-07-11,63.91,64.28,63.51,63.74,60.7,2520900
2018-07-12,63.93,64.05,63.29,63.64,60.6,2659900
2018-07-13,63.64,64.59,63.5,63.85,60.8,3997900
2018-07-16,63.89,63.99,62.59,62.64,59.65,4164900
2018-07-17,62.64,63.38,62.55,63.05,60.04,5032300
2018-07-18,63.05,63.18,61.54,61.59,58.65,5196400
2018-07-19,61.31,62.01,60.88,61.34,58.41,6839500
2018-07-20,61.27,61.38,60.55,60.69,57.8,5809500
2018-07-23,60.4,60.89,60.14,60.3,57.42,4857500
2018-07-24,60.3,60.47,59.15,59.67,56.82,6374000
2018-07-25,59.71,60.16,58.94,59.84,56.99,3713900
2018-07-26,60.72,61.7,60.23,60.48,57.6,4082200
2018-07-27,60.6,61.05,59.89,60.26,57.39,3771100
2018-07-30,60.1,60.62,59.82,60.28,57.4,3743100
2018-07-31,60.61,61.17,60.01,60.25,57.38,6484800
2018-08-01,60.0,60.1,59.25,59.28,56.45,4013200
2018-08-02,59.1,59.65,58.24,59.4,56.57,6445100
2018-08-03,61.0,64.99,60.38,64.48,61.4,16199700
2018-08-06,63.85,64.12,62.15,62.3,59.33,7453200
2018-08-07,62.5,62.54,61.08,61.32,58.4,6542400
2018-08-08,60.08,60.85,59.5,60.28,57.4,11053800
2018-08-09,60.42,60.62,59.68,60.0,57.14,6568700
2018-08-10,59.76,60.0,59.1,59.65,56.8,5118000
2018-08-13,59.48,59.71,58.83,59.28,56.45,5790400
2018-08-14,59.5,60.06,59.43,59.52,56.68,4439900
2018-08-15,59.56,59.58,58.98,59.09,56.27,5299600
2018-08-16,58.97,60.15,58.83,60.03,57.78,6261800
2018-08-17,60.3,61.31,59.77,61.02,58.73,6417000
2018-08-20,61.03,61.68,60.61,60.64,58.37,4647000
2018-08-21,60.75,60.75,59.59,59.84,57.6,4849800
2018-08-22,59.98,60.1,59.34,59.55,57.32,3224800
2018-08-23,59.26,59.49,58.75,58.8,56.59,5179800
2018-08-24,58.92,59.42,58.76,59.03,56.82,4513200
2018-08-27,59.35,59.87,59.18,59.57,57.34,3496800
2018-08-28,59.51,59.87,58.79,58.79,56.58,4293500
2018-08-29,58.9,59.37,58.56,59.3,57.08,5188900
2018-08-30,59.13,59.57,58.17,58.22,56.04,5063800
2018-08-31,58.35,58.57,57.63,58.27,56.08,5520300
2018-09-04,58.45,58.62,56.55,56.66,54.53,6918700
2018-09-05,56.65,57.71,56.29,57.0,54.86,7064200
2018-09-06,57.04,57.25,56.06,56.8,54.67,8822100
2018-09-07,56.69,56.72,56.17,56.59,54.47,6815900
2018-09-10,56.9,57.48,56.81,57.24,55.09,8285300
2018-09-11,57.35,57.87,56.69,57.76,55.59,7617300
2018-09-12,58.23,59.53,57.8,59.12,56.9,6699000
2018-09-13,59.25,59.91,58.9,59.49,57.26,5891500
2018-09-14,59.3,59.36,58.6,58.97,56.76,3953700
2018-09-17,58.02,58.49,57.7,58.35,56.16,7494000
2018-09-18,57.85,58.05,56.38,57.1,54.96,7285100
2018-09-19,57.32,57.45,56.82,56.89,54.76,5079400
2018-09-20,57.28,57.94,57.22,57.57,55.41,5364600
2018-09-21,57.93,57.94,57.05,57.12,54.98,11543500
2018-09-24,57.0,57.3,56.24,56.52,54.4,4729000
2018-09-25,56.65,56.84,55.6,55.66,53.57,3813200
2018-09-26,55.91,55.92,55.07,55.17,53.1,5436500
2018-09-27,55.11,55.78,54.32,55.04,52.98,7881900
2018-09-28,54.98,55.44,54.4,55.11,53.04,6505300
2018-10-01,55.49,55.94,55.22,55.54,53.46,6208700
2018-10-02,55.57,56.29,55.46,55.93,53.83,3930000
2018-10-03,56.07,56.5,55.38,55.6,53.51,5395100
2018-10-04,55.45,55.88,55.14,55.52,53.44,4349500
2018-10-05,55.7,56.04,55.23,55.89,53.79,4163400
2018-10-08,55.85,57.31,55.85,57.06,54.92,6060700
2018-10-09,57.3,57.48,55.59,56.07,53.97,8535700
2018-10-10,55.81,57.03,55.73,55.74,53.65,7799600
2018-10-11,55.97,56.23,53.57,53.82,51.8,9593800
2018-10-12,53.94,54.43,53.03,54.24,52.21,9452500
2018-10-15,54.05,54.96,54.05,54.47,52.43,4829800
2018-10-16,54.71,55.66,54.49,55.44,53.36,4813700
2018-10-17,55.41,57.02,55.3,56.4,54.28,7094000
2018-10-18,56.41,56.92,55.43,55.54,53.46,6075400
2018-10-19,56.15,57.76,56.1,57.56,55.4,8880700
2018-10-22,57.66,58.08,56.09,56.21,54.1,7390000
2018-10-23,56.2,56.86,55.53,56.6,54.48,6429000
2018-10-24,56.42,57.38,55.71,55.78,53.69,5833800
2018-10-25,55.76,56.54,55.34,55.98,53.88,5712800
2018-10-26,55.51,55.58,54.3,54.65,52.6,6480000
2018-10-29,55.17,56.11,54.72,55.52,53.44,6301400
2018-10-30,55.62,56.43,55.33,55.85,53.75,6015500
2018-10-31,55.5,55.54,53.77,54.97,52.91,8888100
2018-11-01,55.13,56.5,54.61,56.2,54.09,7427700
2018-11-02,52.25,52.52,50.41,50.73,48.83,22310600
2018-11-05,51.07,53.0,51.04,52.39,50.42,10481500
2018-11-06,52.77,53.72,52.43,53.46,51.45,6724000
2018-11-07,53.85,54.03,52.9,53.55,51.54,5379400
2018-11-08,53.25,53.6,52.94,53.31,51.31,5031800
2018-11-09,53.36,54.15,53.07,53.99,51.96,5712700
2018-11-12,54.03,54.87,53.51,53.67,51.66,5540900
2018-11-13,53.75,54.27,52.98,53.38,51.38,5511400
2018-11-14,53.43,53.56,52.17,52.64,50.67,5601600
2018-11-15,52.0,52.27,51.45,51.99,50.64,6902900
2018-11-16,52.01,52.9,51.77,52.08,50.73,11005000
2018-11-19,51.97,52.74,51.73,51.89,50.54,6378100
2018-11-20,52.05,52.37,50.71,50.94,49.62,5967000
2018-11-21,51.03,51.48,50.72,51.16,49.83,4154900
2018-11-23,51.03,51.5,50.83,51.04,49.72,2018700
2018-11-26,51.56,51.72,50.95,51.07,49.74,4527200
2018-11-27,50.93,51.85,50.58,51.8,50.46,5269200
2018-11-28,51.32,51.41,50.62,51.18,49.85,6212700
2018-11-29,50.96,51.65,50.83,51.19,49.86,4840300
2018-11-30,51.11,51.29,50.78,51.12,49.79,6402800
2018-12-03,51.4,51.66,50.88,51.42,50.09,5849600
2018-12-04,51.4,51.69,49.86,49.98,48.68,6460000
2018-12-06,50.0,50.23,48.52,49.52,48.23,8413300
2018-12-07,49.4,49.94,48.51,48.71,47.45,5152600
2018-12-10,48.86,49.0,47.19,48.27,47.02,7708700
2018-12-11,48.71,49.31,48.13,48.38,47.12,6550200
2018-12-12,48.95,49.17,48.23,48.26,47.01,7351700
2018-12-13,48.37,48.63,48.0,48.47,47.21,4683500
2018-12-14,48.36,48.45,47.37,47.46,46.23,5653400
2018-12-17,47.5,47.99,46.37,46.82,45.61,7994300
2018-12-18,46.98,47.24,45.88,46.15,44.95,7852600
2018-12-19,46.5,46.88,44.87,45.09,43.92,11399300
2018-12-20,45.08,45.48,44.42,44.85,43.69,11469400
2018-12-21,45.05,45.9,43.95,44.05,42.91,13230600
2018-12-24,44.06,44.22,42.44,42.54,41.44,5241100
2018-12-26,42.66,43.29,41.6,43.29,42.17,9547100
2018-12-27,43.22,43.79,42.28,43.76,42.62,9022000
2018-12-28,43.89,44.55,43.39,43.57,42.44,8321800
2018-12-31,42.91,43.42,42.34,43.04,41.92,9206000
2019-01-02,42.75,43.72,42.28,43.34,42.22,6417800
2019-01-03,43.15,43.88,42.98,43.31,42.19,7613500
2019-01-04,44.08,44.64,43.5,44.49,43.34,6452600
2019-01-07,44.49,45.71,44.01,45.33,44.15,6711400
2019-01-08,45.61,45.73,45.04,45.37,44.19,8308100
2019-01-09,45.31,45.47,44.77,45.13,43.96,6628800
2019-01-10,45.15,45.67,44.79,45.6,44.42,6153000
2019-01-11,45.79,45.87,44.78,45.61,44.43,4879400
2019-01-14,45.57,46.42,45.44,46.25,45.05,7977200
2019-01-15,46.66,46.92,46.24,46.91,45.69,6086900
2019-01-16,47.0,47.34,46.64,46.84,45.62,8449400
2019-01-17,46.92,47.1,46.31,47.08,45.86,7363900
2019-01-18,47.42,47.8,47.0,47.53,46.3,6141000
2019-01-22,47.84,47.9,46.51,47.28,46.05,6959800
2019-01-23,47.53,47.7,46.58,47.06,45.84,5213900
2019-01-24,46.58,47.08,46.4,46.54,45.33,6063000
2019-01-25,46.84,47.24,46.66,46.75,45.54,5422000
2019-01-28,46.78,47.11,46.06,46.9,45.68,6545800
2019-01-29,47.04,47.26,46.41,46.88,45.66,4440500
2019-01-30,47.0,47.14,46.52,46.75,45.54,5414300
2019-01-31,46.97,48.1,46.94,48.06,46.81,8319600
2019-02-01,48.14,48.24,47.53,47.76,46.52,4740200
2019-02-04,47.82,47.98,47.39,47.73,46.49,6251500
2019-02-05,47.62,48.16,47.46,48.14,46.89,6145700
2019-02-06,47.95,48.07,47.49,47.69,46.45,5012400
2019-02-07,47.07,47.69,46.82,47.23,46.0,9556900
2019-02-08,47.2,47.48,46.64,47.46,46.23,5278600
2019-02-11,47.5,47.75,46.88,47.33,46.1,5152500
2019-02-12,47.59,48.47,47.5,48.11,46.86,5363900
2019-02-13,48.31,48.42,47.61,47.64,46.4,6021400
2019-02-14,47.48,47.66,46.89,47.34,46.11,4390000
2019-02-15,47.82,48.09,47.34,47.62,46.38,5758800
2019-02-19,47.82,48.38,47.63,47.77,46.53,7443900
2019-02-20,47.9,48.5,47.63,48.26,47.01,7048900
2019-02-21,48.39,48.66,47.85,48.18,46.93,10117900
2019-02-22,35.85,36.0,34.51,34.95,34.04,135204800
2019-02-25,35.0,35.42,34.06,34.23,33.34,47394300
2019-02-26,34.24,34.51,33.04,33.12,32.26,36361600
2019-02-27,33.15,33.25,32.05,32.2,31.36,28284100
2019-02-28,32.42,33.64,31.82,33.19,32.33,39658300
2019-03-01,33.41,33.49,32.35,32.4,31.56,20796800
2019-03-04,32.9,33.55,32.77,33.23,32.37,19256700
2019-03-05,33.38,33.39,32.66,33.04,32.18,13556300
2019-03-06,33.13,33.2,32.75,32.86,32.01,8978600
2019-03-07,32.63,32.63,31.81,31.89,31.45,15205600
2019-03-08,31.69,32.3,31.6,32.1,31.65,12460800
2019-03-11,31.99,32.19,31.65,32.17,31.72,12449900
2019-03-12,32.2,32.42,31.86,31.99,31.54,10361500
2019-03-13,32.07,32.31,31.9,32.3,31.85,8688600
2019-03-14,32.34,32.5,31.85,31.87,31.43,8199900
2019-03-15,31.95,32.22,31.65,32.09,31.64,16516500
2019-03-18,31.8,32.1,31.53,32.03,31.58,13719500
2019-03-19,31.97,32.48,31.88,32.13,31.68,10194500
2019-03-20,32.1,32.18,31.74,32.02,31.57,10093500
2019-03-21,32.04,32.85,31.92,32.75,32.29,11186100
2019-03-22,32.83,32.85,32.19,32.29,31.84,12098300
2019-03-25,32.27,32.54,32.03,32.5,32.05,7663500
2019-03-26,32.54,33.05,32.51,32.9,32.44,7464000
2019-03-27,32.9,33.19,32.41,32.64,32.18,8391900
2019-03-28,32.7,33.03,32.68,32.89,32.43,6537800
2019-03-29,32.67,33.05,32.55,32.65,32.19,8130000
2019-04-01,32.8,32.98,32.42,32.5,32.05,7969100
2019-04-02,32.56,32.73,32.02,32.08,31.63,9344000
2019-04-03,32.24,32.36,32.02,32.25,31.8,8430300
2019-04-04,32.3,32.79,32.11,32.69,32.23,7574200
2019-04-05,32.69,33.2,32.62,33.17,32.71,8852400
2019-04-08,33.23,33.37,32.96,33.19,32.73,6571100
2019-04-09,33.16,33.23,32.85,32.95,32.49,6398800
2019-04-10,32.98,33.07,32.7,32.98,32.52,6323800
2019-04-11,33.08,33.19,32.8,32.99,32.53,6022200
2019-04-12,33.12,33.32,32.91,33.07,32.61,5278400
2019-04-15,33.09,33.18,32.84,33.14,32.68,5232900
2019-04-16,33.07,33.5,33.01,33.04,32.58,4618200
2019-04-17,33.05,33.11,32.85,32.89,32.43,6532700
2019-04-18,33.02,33.08,32.85,32.96,32.5,6834200
2019-04-22,33.53,33.78,32.81,32.9,32.44,10441400
2019-04-23,32.93,33.17,32.85,33.1,32.64,9615900
2019-04-24,32.86,32.9,32.33,32.76,32.3,8443100
2019-04-25,32.67,32.74,32.44,32.52,32.07,6196300
2019-04-26,32.7,33.1,32.58,33.06,32.6,6908200
2019-04-29,33.16,33.33,33.03,33.27,32.81,5963400
2019-04-30,33.31,33.47,33.06,33.24,32.78,9695000
2019-05-01,33.2,33.57,32.93,32.99,32.53,7402700
2019-05-02,32.7,32.83,31.82,32.18,31.73,12276800
2019-05-03,32.35,32.66,32.03,32.58,32.13,6995800
2019-05-06,32.35,32.94,32.31,32.77,32.31,10303800
2019-05-07,32.63,32.96,32.2,32.5,32.05,8719100
2019-05-08,32.5,32.62,32.26,32.43,31.98,5778600
2019-05-09,32.3,32.64,31.97,32.58,32.13,6838900
2019-05-10,32.56,32.73,31.67,32.65,32.19,9250000
2019-05-13,32.29,32.43,31.82,31.97,31.52,7944100
2019-05-14,32.08,32.4,31.98,32.27,31.82,7267300
2019-05-15,32.2,32.44,31.86,32.4,31.95,5744000
2019-05-16,32.37,32.73,32.29,32.46,32.01,5135600
2019-05-17,32.41,32.87,32.21,32.53,32.08,5852500
2019-05-20,32.32,32.36,31.64,31.79,31.35,9077200
2019-05-21,31.92,32.18,31.53,31.98,31.53,6531900
2019-05-22,31.98,32.11,31.7,31.88,31.44,6141600
2019-05-23,31.71,31.76,31.2,31.45,31.01,7162100
2019-05-24,31.62,31.73,31.03,31.11,30.68,8283900
2019-05-28,31.1,31.12,29.01,29.06,28.65,24476400
2019-05-29,28.89,28.95,28.43,28.68,28.28,13150600
2019-05-30,28.28,28.31,27.25,27.4,27.4,15970500
2019-05-31,27.27,27.68,26.96,27.65,27.65,10453400
2019-06-03,27.68,28.49,27.67,28.42,28.42,12485500
2019-06-04,28.49,28.73,28.4,28.67,28.67,11999700
2019-06-05,28.85,28.85,28.27,28.47,28.47,12103200
2019-06-06,28.44,28.64,28.17,28.62,28.62,9267400
2019-06-07,28.7,28.95,28.61,28.74,28.74,11638400
2019-06-10,30.1,30.5,29.85,30.31,30.31,24143900
2019-06-11,30.3,30.35,29.8,30.24,30.24,17107800
2019-06-12,30.21,30.37,29.97,30.13,30.13,13485300
2019-06-13,30.1,30.68,30.1,30.41,30.41,10592300
2019-06-14,30.49,30.53,29.98,30.31,30.31,11839700
2019-06-17,30.37,30.43,30.12,30.17,30.17,7957600
2019-06-18,30.43,30.49,30.12,30.27,30.27,10298700
2019-06-19,30.17,31.0,30.11,30.96,30.96,11185600
2019-06-20,31.15,31.36,30.92,31.13,31.13,8706200
2019-06-21,31.11,31.5,30.79,31.48,31.48,12099000
2019-06-24,31.34,31.48,30.49,30.52,30.52,10618400
2019-06-25,30.39,30.85,30.35,30.68,30.68,7514700
2019-06-26,30.41,30.95,30.16,30.84,30.84,7541900
2019-06-27,30.68,30.83,30.55,30.77,30.77,5051500
2019-06-28,30.9,31.07,30.68,31.04,31.04,7589100
2019-07-01,31.26,31.44,30.33,30.46,30.46,8090900
2019-07-02,30.43,30.64,30.23,30.52,30.52,8013900
2019-07-03,30.84,31.33,30.64,31.25,31.25,7003100
2019-07-05,31.21,31.21,30.52,30.97,30.97,3651564
